{
  "Name": "ChiptunePractice",
  "Version": "1.0.1",
  "Factory Info": {
    "Vendor": "Qinglin",
    "URL": "https://github.com/Qinglin700/ChiptunePractice",
    "E-Mail": "showyeah70@gmail.com",
    "Flags": {
      "Unicode": true,
      "Classes Discardable": false,
      "Component Non Discardable": false,
    },
  },
  "Classes": [
    {
      "CID": "ABCDEF019182FAEB4D616E754F6C6E34",
      "Category": "Audio Module Class",
      "Name": "ChiptunePractice",
      "Vendor": "Qinglin",
      "Version": "1.0.1",
      "SDKVersion": "VST 3.7.8",
      "Sub Categories": [
        "Instrument",
        "Synth",
      ],
      "Class Flags": 2,
      "Cardinality": 2147483647,
      "Snapshots": [
      ],
    },
    {
      "CID": "ABCDEF011234ABCD4D616E754F6C6E34",
      "Category": "Component Controller Class",
      "Name": "ChiptunePractice",
      "Vendor": "Qinglin",
      "Version": "1.0.1",
      "SDKVersion": "VST 3.7.8",
      "Sub Categories": [
        "Instrument",
        "Synth",
      ],
      "Class Flags": 2,
      "Cardinality": 2147483647,
      "Snapshots": [
      ],
    },
    {
      "CID": "ABCDEF01C0DEF00D4D616E754F6C6E34",
      "Category": "Plugin Compatibility Class",
      "Name": "ChiptunePractice",
      "Vendor": "Qinglin",
      "Version": "1.0.1",
      "SDKVersion": "VST 3.7.8",
      "Class Flags": 0,
      "Cardinality": 2147483647,
      "Snapshots": [
      ],
    },
  ],
}